,시도교육청,폐교명,폐교연도,지역교육청,급별,활용현황,주소
0,충북,  소이초 충도분교,1991,음성,초,매각,음성군 소이면 충도리 704
1,충북,(구)가덕중 ,2022,청주,중,자체활용,청주시 상당구 가덕면 수곡리 255
2,충북,(구)내북초,2013,보은,초,대부,보은군 내북면 동산리 119
3,충북,(구)복대초 ,2023,청주,초,자체활용,청주시 흥덕구 복대동 709-4
4,충북,(구)북암초,1981,보은,초,대부,보은군 속리산면 북암리 318
5,충북,(구)옥동초,2014,진천,초,자체활용,진천군 덕산읍 옥동리 359-2
6,충북,(구)주성중 ,2015,청주,중,자체활용,청주시 상당구 수동 133
7,충북,(구)중앙탑초,2018,충주,초,자체활용,충주시 중앙탑면 탑평리 212-1
8,충북,(구)충북체육고,2014,청주,고,자체활용,청주시 서원구 사직동 807
9,충북,가곡초,2009,단양,초,매각, 단양군 가곡면 사평리 467
10,충북,가곡초 향산분교장,1993,단양,초,매각, 단양군 가곡면 향산리 347-4
11,충북,가덕초 상야분교장,2004,청주,초,대부,청주시 상당구 가덕면 상야리 351-1
12,충북,가산초 방곡분교장,1991,단양,초,매각, 단양군 대강면 방곡리 156
13,충북,감곡초 상평분교장,2000,음성,초,미활용,음성군 감곡면 상평리 374-1
14,충북,감물중,2013,괴산증평,중,대부,괴산군 감물면 광전리 112
15,충북,감물초 매전분교장,1991,괴산증평,초,매각,괴산군 감물면 매전리 410-1
16,충북,감물초 이담분교장,1995,괴산증평,초,매각,괴산군 감물면 이담리 640
17,충북,강내초 저산분교장,1995,청주,초,매각, 청주시 흥덕구 강내면 저산리 200-3
18,충북,강천초,2019,충주,초,대부,충주시 앙성면 목미리 89-2
19,충북,강천초 단암분교장,1995,충주,초,대부,충주시 앙성면 단암리 412-1
20,충북,공전초,1999,제천,초,대부,제천시 봉양읍 공전리 265
21,충북,관기초 기대분교장,1994,보은,초,대부,보은군 마로면 기대리 328-2
22,충북,관기초 소여분교장,1995,보은,초,미활용,보은군 마로면 소여리 470-1
23,충북,관기초 적암분교장,1995,보은,초,미활용,보은군 마로면 적암리 149
24,충북,광덕초,1993,괴산증평,초,매각,괴산군 문광면 신기리 111
25,충북,괴산명덕초 제월분교장,1996,괴산증평,초,미활용,괴산군 괴산읍 제월리 289
26,충북,구)내곡초,2019,청주,초,매각, 청주시 흥덕구 내곡동 10-2
27,충북,구)동명초,2013,제천,초,매각,제천시 명동 68
28,충북,구)상신초,2019,진천,초,미활용,진천군 이월면 신월리 317-16
29,충북,구)중앙초,2015,청주,초,매각, 청주시 상당구 문화동 4
30,충북,구정초 오상분교장,2002,진천,초,대부,진천군 초평면 은암리 290-1
31,충북,군동초,1998,옥천,초,매각,옥천군 옥천읍 수북리 83
32,충북,금성초 장선분교장,1996,제천,초,대부,제천시 청풍면 장선리 98
33,충북,금성초 중전분교장,1992,제천,초,대부,제천시 금성면 포전리 409-2
34,충북,금성초 황석분교장,1987,제천,초,매각,제천시 청풍면 후산리 47-2
35,충북,금호초 마곡분교장,1988,영동,초,매각,영동군 심천면 마곡리 885
36,충북,남당초 삼선분교장,1993,제천,초,미활용,제천시 봉양읍 삼거리 538
37,충북,남신초 덕생분교,2012,음성,초,미활용,음성군 음성읍 삼생리 94
38,충북,남이초 구암분교장,1992,청주,초,자체활용,청주시 서원구 남이면 구암리 275
39,충북,남일초 두산분교장,2010,청주,초,자체활용,청주시 상당구 남일면 두산리 106-1
40,충북,남한강초,2020,충주,초,자체활용,충주시 문화동 1924
41,충북,낭성초 갈산분교장,2004,청주,초,대부,청주시 상당구 낭성면 갈산리 341-1
42,충북,낭성초 산동분교장,1996,청주,초,매각,  청주시 상당구 낭성면 관정리 277-1
43,충북,내북초 아곡분교장,2002,보은,초,대부,보은군 내북면 상궁리 46-2
44,충북,내북초 이식분교장,1999,보은,초,대부,보은군 산외면 이식리 84
45,충북,내북초 이원분교장,1996,보은,초,매각,보은군 내북면 이원리 209-1
46,충북,노송초,2002,영동,초,매각,영동군 황간면 노근리 700
47,충북,노은초 수룡분교장,1996,충주,초,미활용,충주시 노은면 수룡리 554-1
48,충북,노은초 수상분교장,2013,충주,초,자체활용,충주시 노은면 안락리 119-1
49,충북,능산초,2023,음성,초,미활용,음성군 삼성면 능산리 203
50,충북,능암초,2007,충주,초,매각,충주시 앙성면 돈산리 98-4
51,충북,단산중학교,2017,단양,중,매각, 단양군 어상천면 임현리 311
52,충북,단양초 금곡분교장,1999,단양,초,매각, 단양군 단양읍 기촌리 107
53,충북,단양초 노동분교장,1999,단양,초,대부,단양군 단양읍 노동리 265
54,충북,단양초 여천분교장,1994,단양,초,매각, 단양군 가곡면 여천리 242
55,충북,단천초 가산분교장,2019,단양,초,미활용,단양군 단성면 가산리 290
56,충북,단천초 두항분교장,1991,단양,초,대부,단양군 단성면 두항리 39
57,충북,대강초 올산분교장,1992,단양,초,대부,단양군 대강면 올산리 185
58,충북,대강초 장정분교장,2017,단양,초,미활용,단양군 대강면 장정리 30
59,충북,대강초 죽령분교장,1988,단양,초,매각, 단양군 대강면 용부원리 82
60,충북,대강초 황정분교장,1995,단양,초,매각, 단양군 대강면 황정리 194
61,충북,대성초,2014,옥천,초,대부,옥천군 이원면 의평리 276-2
62,충북,대소원초,2020,충주,초,자체활용,충주시 대소원면 본리 569-15
63,충북,덕산초 선림분교장,1995,제천,초,매각,제천시 덕산면 선고리 92-3
64,충북,덕산초 월악분교장,1992,제천,초,대부,제천시 덕산면 월악리596
65,충북,도담초,1997,단양,초,매각, 단양군 매포읍 우덕리 63
66,충북,도안초 연촌분교장,1985,괴산증평,초,매각, 증평군 도안면 연촌리 53
67,충북,동광초 학림분교장,2003,보은,초,자체활용,보은군 보은읍 중동리 9-1
68,충북,동량초 서운분교장,1999,충주,초,미활용,충주시 동량면 서운리 155
69,충북,동량초 지동분교장,1992,충주,초,매각,충주시 동량면 하천리 13-3
70,충북,동량초 하천분교장,1995,충주,초,대부,충주시 동량면 손동리 336
71,충북,동이중,1998,옥천,중,대부,옥천군 동이면 적하리 672
72,충북,동이초 청마분교장,1994,옥천,초,매각,옥천군 동이면 청마리 872-1
73,충북,두학초 자작분교장,1992,제천,초,대부,제천시 자작동 256-4
74,충북,만수초 공북분교장,1995,청주,초,매각, 청주시 흥덕구 오송읍 공북리 337
75,충북,매포초기동분교장,1990,단양,초,대부,단양군 적성면 기동리 433-1
76,충북,맹동초 통동분교장,1992,음성,초,매각,음성군 맹동면 통동리 235
77,충북,목도고,2022,괴산증평,고,자체활용,괴산군 불정면 목도리 360
78,충북,목도중,1992,괴산증평,중,매각,괴산군 불정면 목도리 247
79,충북,무극초 사정분교장,1995,음성,초,대부,음성군 음성읍 사정리 949
80,충북,문광초 덕평분교장,2011,괴산증평,초,매각,괴산군 청천면 덕평리 280
81,충북,문백초 은탄분교장,1993,진천,초,매각,진천군 문백면 은탄리 338-3
82,충북,문의초 구룡분교장,1992,청주,초,미활용,청주시 상당구 문의면 구룡리 338
83,충북,문의초 소전분교장,1999,청주,초,매각,  청주시 상당구 문의면 소전리 653-2
84,충북,문의초 회서분교장,1992,청주,초,매각,  청주시 상당구 문의면 마동리 81-1
85,충북,미봉초,2018,영동,초,대부,영동군 양강면 유점리 697-3
86,충북,미봉초 구강분교장,1995,영동,초,매각,영동군 양강면 구강리 74
87,충북,미원중 운암분교장,1991,청주,초,미활용,청주시 상당구 미원면 운암리 593
88,충북,미원초 가양분교장,1992,청주,초,매각,  청주시 상당구 미원면 가양리 332
89,충북,미원초 기암분교장,2000,청주,초,매각, 청주시 상당구 미원면 기암리 251-1
90,충북,미원초 용곡분교장,2000,청주,초,미활용,청주시 상당구 미원면 용곡리 287-1
91,충북,미원초 종암분교장,2000,청주,초,대부,청주시 상당구 미원면 종암리 387
92,충북,백곡중,2012,진천,중,자체활용,진천군 백곡면 사송리 476-1
93,충북,백곡초 명암분교장,1991,진천,초,매각,진천군 백곡면 명암리 213-1
94,충북,백곡초 성대분교장,1999,진천,초,대부,진천군 백곡면 성대리 498-2
95,충북,백봉초 운곡분교장,1995,괴산증평,초,미활용,괴산군 청안면 운곡리 209-2
96,충북,백봉초 장암분교장,1999,괴산증평,초,대부,괴산군 청안면 장암리 401-1
97,충북,백운초 애련분교장,1990,제천,초,매각,제천시 백운면 애련리 198
98,충북,백운초 원월분교장,1991,제천,초,매각,제천시 백운면 원월리 344-1
99,충북,범화초,1999,영동,초,매각,영동군 학산면 범화리 748-1
100,충북,별방초 사지원분교장,1991,단양,초,매각, 단양군 영춘면 사지원리 64-1
101,충북,별방초 유암분교장,1995,단양,초,대부,단양군 영춘면  유암리 253
102,충북,보광초 백마분교장,2001,괴산증평,초,매각,괴산군 사리면 중흥리 1-1
103,충북,보광초 화곡분교장,2013,괴산증평,초,매각,괴산군 사리면 이곡리 452
104,충북,보덕초 ,1999,보은,초,매각,보은군 탄부면 하장리 35-5
105,충북,복성초,1992,충주,초,대부,충주시 앙성면 지당리 201-5
106,충북,봉양초 명암분교장,1995,제천,초,매각,제천시 봉양읍 명암리 605-4
107,충북,봉양초 봉남분교,1999,제천,초,매각,제천시 봉양읍 마곡리 540
108,충북,봉양초 학전분교장,1995,제천,초,매각,제천시 봉양읍 옥전리 180
109,충북,부상초,1995,영동,초,매각,영동군 용산면 부상리 697-1
110,충북,북일초 청애원분교장,1992,청주,초,매각,  청주시 청원구 내수읍 원통리 산138
111,충북,산수초,1982,충주,초,매각,충주시 신니면 마수리 191-3
112,충북,산외초 산대분교장,1992,보은,초,대부,보은군 산외면 산대리 215
113,충북,산외초 장갑분교장,2002,보은,초,대부,보은군 산외면 장갑리 318
114,충북,산척중,2023,충주,중,자체활용,충주시 산척면 영덕리 718-2
115,충북,산척초 명서분교장,1992,충주,초,대부,충주시 산척면 명서리 493-7
116,충북,산척초 방대분교장,1991,충주,초,매각,충주시 산척면 명서리 158
117,충북,산척초 석천분교장,1997,충주,초,매각,충주시 산척면 석천리 203
118,충북,삼산초 동정분교장,1999,보은,초,매각,보은군 수한면 동정리 20-1
119,충북,삼산초 중초분교장,1999,보은,초,대부,보은군 보은읍 중초리 408-1
120,충북,삼수초 매산분교장,2013,진천,초,매각,진천군 덕산읍 산수리 465-1
121,충북,삼승초,2007,보은,초,매각,보은군 삼승면 상가리 333
122,충북,삼화초,1999,옥천,초,매각,옥천군 안남면 청정리 510-1
123,충북,상진초 적성분교장,1999,단양,초,매각, 단양군 적성면 하리 59
124,충북,상촌중,2019,영동,중,대부,영동군 상촌면 유곡리 467-3
125,충북,상촌초 대해분교장,1991,영동,초,대부,영동군 상촌면 대해리 698
126,충북,상촌초 물한분교장,1991,영동,초,자체활용,영동군 상촌면 물한리 643
127,충북,상촌초 삼봉분교장,1993,영동,초,매각,영동군 상촌면 고자리 360-4
128,충북,상촌초 황학분교장,1998,영동,초,대부,영동군 상촌면 궁촌리 301
129,충북,생극초 관성분교장,1999,음성,초,미활용,음성군 생극면 관성리 13-1
130,충북,생극초 오생분교장,1999,음성,초,매각,음성군 생극면 생리 570
131,충북,선림초 도기분교장,1995,제천,초,매각,제천시 덕산면 도기리 340-2
132,충북,성남초 동신분교장,1995,충주,초,매각,충주시 목벌동 447-10
133,충북,성남초 종인분교장,1995,충주,초,자체활용,충주시 종민동 510-3
134,충북,성암초 연곡분교장,1991,진천,초,미활용,진천군 진천읍 연곡리 191-1
135,충북,세성초 공이분교장,1999,충주,초,대부,충주시 살미면 공이리 448-1
136,충북,세성초 살미분교장,1994,충주,초,매각,충주시 살미면 내사리 600-8
137,충북,세성초 향산분교장,1993,충주,초,대부,충주시 살미면 향산리 379
138,충북,세평초,1998,괴산증평,초,대부,괴산군 불정면 세평리 214
139,충북,소수초 광신분교장,1995,괴산증평,초,미활용,괴산군 소수면 몽촌리 219
140,충북,소수초 북상분교장,1994,괴산증평,초,매각,괴산군 소수면 고마리 238-3
141,충북,소이초 대장분교,2019,음성,초,대부,음성군 소이면 대장리 344-4
142,충북,소태초 덕은분교장,1996,충주,초,대부,충주시 소태면 덕은리 229
143,충북,속리중,2011,보은,중,매각,보은군 속리산면 상판리 87
144,충북,속리초 장재분교장,1982,보은,초,매각,보은군 외속리면 장재리 208
145,충북,송계초 동산분교장,1988,제천,초,매각,제천시 한수면 송계리 1088
146,충북,송면초 관평분교장,1991,괴산증평,초,매각,괴산군 청천면 관평리 169
147,충북,송면초 삼송분교장,1995,괴산증평,초,매각,괴산군 청천면 삼송리 529-1
148,충북,송학초 송한분교장,1993,제천,초,대부,제천시 송학면 송한리 543
149,충북,송한초 오미분교장,1988,제천,초,매각,제천시 송학면 오미리 222
150,충북,수산초,2000,제천,초,매각,제천시 수산면 내리 168-2
151,충북,수산초 괴곡분교장,1990,제천,초,매각,제천시 수산면 원대리 137
152,충북,수산초 단산분교장,1992,제천,초,매각,제천시 수산면 고명리 299-1
153,충북,수산초 대전분교장,1999,제천,초,매각,제천시 수산면 대전리 218
154,충북,수산초 추동분교장,1998,제천,초,매각,제천시 수산면 도전리 175
155,충북,수성초 입동분교장,1996,청주,초,매각, 청주시 청원구 내수읍 입상리 425-5
156,충북,수안보초 미륵분교장,1992,충주,초,매각,충주시 상모면 미륵리 194
157,충북,수정초 법주분교장,2007,보은,초,대부,보은군 속리산면 상판리 210-2
158,충북,수정초 북암분교장,2000,보은,초,매각,보은군 속리산면 하판리 43
159,충북,수정초 삼가분교장,2018,보은,초,매각,보은군 속리산면 삼가리 140
160,충북,수회초 팔봉분교장,1999,충주,초,대부,충주시 살미면 토계리 263
161,충북,신기초,1997,괴산증평,초,매각,괴산군 괴산읍 신기리 469
162,충북,신덕초,1994,진천,초,자체활용,진천군 진천읍 삼덕리 607-2
163,충북,심천초 길현분교장,1989,영동,초,매각,영동군 심천면 길현리 578
164,충북,안내초 대동분교장,1993,옥천,초,매각,옥천군 안내면 동대리 395-1
165,충북,안내초 용촌분교장,1995,옥천,초,대부,옥천군 안내면 용촌리 160
166,충북,앙성초 영죽분교장,1999,충주,초,대부,충주시 앙성면 영죽리 264-1
167,충북,야동초,2020,충주,초,대부,충주시 소태면 야동리 487
168,충북,야동초 하남분교장,1999,충주,초,매각,충주시 소태면 주치리 645-1
169,충북,양강초 산막분교장,1992,영동,초,매각,영동군 양강면 산막리 485-1
170,충북,양산초 가선분교장,1989,영동,초,매각,영동군 양산면 가선리 152-1
171,충북,양산초천태분교장,1994,영동,초,대부,영동군 양산면 호탄리 708-1
172,충북,양화초,1995,제천,초,대부,제천시 금성면 양화리 623
173,충북,양화초 동막분교장,1991,제천,초,매각,제천시 금성면 동막리 434
174,충북,어룡초,1999,괴산증평,초,매각,괴산군 청천면 도원리 287-1
175,충북,어상천초 금당분교장,1995,단양,초,매각, 단양군 어상천면 심곡리 79
176,충북,어상천초 덕문곡분교장,1992,단양,초,대부,단양군 영춘면  덕문곡리 171
177,충북,어상천초 선암분교장,2001,단양,초,대부,단양군 어상천면 석교리 69
178,충북,어상천초연곡분교장,1993,단양,초,미활용,단양군 어상천면  연곡리 631
179,충북,엄정초 목계분교장,2009,충주,초,대부,충주시 엄정면 목계리 111
180,충북,연풍초 신풍분교장,1993,괴산증평,초,매각,괴산군 연풍면 원풍리 439
181,충북,영동초 화신분교장,1993,영동,초,대부,영동군 영동읍 화신리 228-3
182,충북,영춘초 동대분교장,1999,단양,초,자체활용,단양군 영춘면 동대리 806
183,충북,영춘초 의풍분교장,2009,단양,초,대부,단양군 영춘면  의풍리760
184,충북,오수초,1999,괴산증평,초,대부,괴산군 연풍면 유하리 196-9
185,충북,오창초 가좌분교장,2008,청주,초,미활용,청주시 청원구 오창읍 가좌리 129
186,충북,오창초 유리분교장,2008,청주,초,자체활용,청주시 청원구 오창읍 유리 394
187,충북,옥산초 금계분교장,1998,청주,초,매각, 청주시 흥덕구 옥산면 금계리 223
188,충북,옥산초 소로분교장,2019,청주,초,매각, 청주시 흥덕구 옥산면 소로리 313-1
189,충북,옥산초 호죽분교장,1999,청주,초,대부,청주시 흥덕구 옥산면 호죽리 300-3
190,충북,외천초 ,2012,청주,초,자체활용,청주시 서원구 남이면 부용외천리 290
191,충북,용문중,2019,영동,중,매각,영동군 용산면 용산리 91
192,충북,용산초,1999,영동,초,미활용,영동군 용산면 한곡리 206-2
193,충북,용산초 청화분교장,1987,영동,초,매각,영동군 용산면 미전리 431-3
194,충북,용암초,1999,영동,초,대부,영동군 황간면 용암리 642
195,충북,용암초 도동분교장,1988,영동,초,매각,영동군 황간면 우천리 408-1
196,충북,용화초 자계분교장,1991,영동,초,대부,영동군 용화면 자계리 569
197,충북,용화초 조동분교장,1992,영동,초,매각,영동군 용화면 조동리 444
198,충북,운학초 차도분교장,1983,제천,초,매각,제천시 백운면 운학리 648
199,충북,원남초 문암분교장,1999,음성,초,대부,음성군 원남면 문암리 593
200,충북,원남초 조촌분교장,1992,음성,초,매각,음성군 원남면 조촌리 549
201,충북,유덕초,1999,제천,초,미활용,제천시 덕산면 신현리606
202,충북,유덕초 덕곡분교장,1989,제천,초,매각,제천시 한수면 덕곡리 120
203,충북,유덕초 복평분교장,1995,제천,초,대부,제천시 덕산면 수산리 833-2
204,충북,이수초 심원분교장,1992,영동,초,매각,영동군 영동읍 심원리 351-1
205,충북,이안초,1997,충주,초,매각,충주시 이류면 완오리 889
206,충북,이원초 지탄분교장,2012,옥천,초,대부,옥천군 이원면 지탄리 734-5
207,충북,입석초,2021,제천,초,대부,제천시 송학면 입석리 609-2
208,충북,장연중,2013,괴산증평,중,매각,괴산군 장연면 오가리 563-1
209,충북,장연초 광진분교장,2005,괴산증평,초,매각,괴산군 장연면 광진리 814-1
210,충북,장연초 장풍분교장,1999,괴산증평,초,매각,괴산군 장연면 장암리 285-3
211,충북,주덕고,2023,충주,고,자체활용,충주시 주덕읍 신중리 130-3
212,충북,죽리초 율리분교장,1991,괴산증평,초,매각, 증평군 증평읍 율리 487-1
213,충북,죽향초 군북분교장,1994,옥천,초,자체활용,옥천군 군북면 소정리 245
214,충북,중앙중 가금분교장,2009,충주,중,미활용,충주시 중앙탑면 가흥리 361-7
215,충북,증약초 추소분교,1991,옥천,초,매각,옥천군 군북면 추소리 665
216,충북,창암초,1998,충주,초,대부,충주시 가금면 창동리 산22-2
217,충북,천덕초,1999,영동,초,대부,영동군 매곡면 공수리 463-2
218,충북,청동초,1999,옥천,초,대부,옥천군 청산면 효목리 675-1
219,충북,청산초 대월분교장,1995,옥천,초,대부,옥천군 청산면 대성리 173-1
220,충북,청산초 예곡분교,1995,옥천,초,매각,옥천군 청산면 예곡리 150
221,충북,청성초 능월분교,2009,옥천,초,매각,옥천군 청성면 도장리 496
222,충북,청성초 묘금분교장,2000,옥천,초,대부,옥천군 청성면 묘금리 19-1
223,충북,청성초 신서분교,1995,옥천,초,매각,옥천군 청산면 신매리 667-1
224,충북,청성초 화성분교장,1999,옥천,초,미활용,옥천군 청성면 화성리 295-1
225,충북,청천초 대후분교장,1993,괴산증평,초,대부,괴산군 청천면 후영리 196-1
226,충북,청천초 신월분교장,2007,괴산증평,초,미활용,괴산군 청천면 신월리 144
227,충북,청풍중,2004,제천,중,매각,제천시 청풍면 물태리 산6
228,충북,청풍초 금산분교장,1996,제천,초,매각,제천시 수산면 상천리 417
229,충북,청풍초 안암분교장,1988,제천,초,매각,제천시 금성면 성내리 산48-4
230,충북,청풍초 양평분교,1995,제천,초,매각,제천시 청풍면 도곡리 산21-7
231,충북,청풍초 학현분교장,1990,제천,초,자체활용,제천시 청풍면  학현리 산18-1
232,충북,초강초 금호분교,1995,영동,초,매각,영동군 심천면 기호리 400
233,충북,추산초,2017,괴산증평,초,미활용,괴산군 불정면 추산리 545-2
234,충북,추산초 삼방분교장,1994,괴산증평,초,매각,괴산군 불정면 삼방리 304
235,충북,추평초,1999,충주,초,대부,충주시 엄정면 추평리 454
236,충북,추풍령초 계룡분교,1988,영동,초,매각,영동군 추풍령면 계룡리 452-1
237,충북,추풍령초 신안분교,1995,영동,초,매각,영동군 추풍령면 신안리 63
238,충북,추풍령초 죽전분교,1988,영동,초,매각,영동군 추풍령면 죽전리 205-1
239,충북,칠성초 갈론분교장,1988,괴산증평,초,매각,괴산군 칠성면 사은리 102-2
240,충북,칠성초 쌍곡분교장,1991,괴산증평,초,자체활용,괴산군 칠성면 쌍곡리 157
241,충북,칠성초 외사분교장,2009,괴산증평,초,매각,괴산군 칠성면 외사리 152
242,충북,탄부초 사직분교장,2002,보은,초,대부,보은군 탄부면 사직리 151-3
243,충북,학산초 광평분교,1993,영동,초,매각,영동군 학산면 지내리 549
244,충북,학산초 봉산분교장,1999,영동,초,대부,영동군 학산면 황산리 563-1
245,충북,한수중 ,1998,제천,중,미활용,제천시 한수면 송계리 309-1
246,충북,한수초,1983,제천,초,매각,제천시 한수면 황강리 327
247,충북,한천초 두촌분교장,1999,진천,초,매각,진천군 덕산읍 두촌리 100
248,충북,현도초 노산분교장,1998,청주,초,매각, 청주시 서원구 현도면 노산리 538
249,충북,현암초 ,1999,청주,초,자체활용,청주시 흥덕구 현암동 89
250,충북,화곡초,2001,영동,초,매각,영동군 영동읍 주곡리 44-1
251,충북,화당초 덕동분교장,1990,제천,초,매각,제천시 백운면 덕동리 252-2
252,충북,화당초 운학분교장,1994,제천,초,매각,제천시 백운면 운학리 313
253,충북,황간중,2019,영동,중,매각,영동군 황간면 남성리 526-1
254,충북,황간초 우매분교,1989,영동,초,매각,영동군 황간면 우매리 110
255,충북,황학초 흥덕분교,1988,영동,초,매각,영동군 상촌면 흥덕리 산7-9
256,충북,회남초 법수분교장,1991,보은,초,매각,보은군 회남면 법수리 43
257,충북,회남초 분저분교장,1992,보은,초,미활용,보은군 회남면 분저리 71
258,충북,회인초 회동분교장,1994,보은,초,매각,보은군 회인면 고석리 123-1
259,충북,회인초 회룡분교장,1992,보은,초,매각,보은군 회북면 용곡리 95-2
